order,name,name_en,status,category,update,effort,new,description,description_en
1,Creacion de personaje,Character creation,done,Personaje,U11,,,Pantalla para crear el personaje desde el menu,Screen to create your character from the menu
2,Creacion de mundo,World creation,done,Mundo,"U11, U15",,,"Pantalla para crear un mundo nuevo: eligiendo tamaño, semilla y theme","Screen to create a new world: choosing size, seed and theme"
3,Modo Survival vs Creativo (seleccion),Survival vs Creative mode (selection),done,Interfaz,U13,,,"Se puede elegir el modo al crear personaje y mundo, y el mundo solo deja entrar personajes de su mismo modo","You can pick the mode when creating a character and a world, and a world only lets in characters of its same mode"
4,Chat,Chat,done,Multijugador,U33,,,"Chat entre jugadores, mas mensajes y eventos que manda el servidor","Chat between players, plus messages and events sent by the server"
5,Consola de comandos,Command console,done,Interfaz,U16,,,Herramienta interna para probar y depurar cosas mas rapido durante el desarrollo,Internal tool to test and debug things faster during development
6,Multijugador hasta 6 (en el juego),Multiplayer up to 6 (in-game),done,Multijugador,U10,,,"Hasta 6 jugadores pueden compartir el mismo mundo de forma sincronizada, jugando desde el juego","Up to 6 players can share the same world in sync, playing from inside the game"
7,Servidor headless (dedicado),Headless (dedicated) server,done,Multijugador,U23,,,El mundo se puede hostear 24/7 en una maquina sin necesidad de abrir el juego,The world can be hosted 24/7 on a machine without needing to open the game
8,Sistema de kick y administracion,Kick and admin system,done,Multijugador,U25,,,"Se puede expulsar jugadores del servidor, ver logs, backups y ping","Players can be kicked from the server, plus logs, backups and ping"
9,Mapa y minimapa,Map and minimap,done,Interfaz,U16,,,"Mapa completo y minimapa, con fog of war (solo se ve lo ya explorado)","Full map and minimap, with fog of war (you only see what you've already explored)"
10,Mundo con biomas y agua/lava,World with biomes and water/lava,improved,Mundo,U15 -> U43,,,"El mapa se genera con distintas zonas: llanuras, bosque, desierto, pantano, tundra y zona volcanica, con parches de agua y lava","The map is generated with different zones: plains, forest, desert, swamp, tundra and a volcanic zone, with water and lava patches"
11,Objetos del mundo configurables,Configurable world objects,done,Mundo,U75,,,"Arboles, rocas y otros objetos del entorno se pueden agregar sin tocar codigo","Trees, rocks and other environment objects can be added without touching code"
12,Arboles talables,Choppable trees,improved,Recursos,U70 -> U77,,,Los arboles crecen en fases con el tiempo y se pueden cortar para conseguir madera. Mejorado despues con crecimiento por fases y plantado de semillas,Trees grow through phases over time and can be cut down for wood. Later improved with phased growth and seed planting
13,Yacimientos de roca,Rock deposits,improved,Recursos,U71 -> U72-74,,,Depositos de piedra que se pueden minar para conseguir material de construccion. La forma de colision se afino en updates posteriores,Stone deposits that can be mined for building material. The collision shape was refined in later updates
513,"Materiales basicos (madera, piedra, palo)","Basic materials (wood, stone, stick)",improved,Recursos,U8 -> U102,,,"Los materiales fisicos de base que se acarrean y usan para craftear. Update 102: piedra y madera dejaron de cargarse a cuestas como los edificios, ahora van directo a la mochila con E, para no trabar la construccion temprana. Decision consciente de ablandar un poco el pilar de ""logistica fisica"" — Pablo dejo anotado que mas adelante puede volver para cosas realmente pesadas","The base physical materials that get carried around and used for crafting. Update 102: rock and wood stopped being carried on your head like buildings, they now go straight into the bag with E, so they don't get in the way of early building. A deliberate choice to soften the ""physical logistics"" pillar a bit — Pablo noted it might come back later for genuinely heavy things"
15,Enemigos basicos,Basic enemies,improved,Combate,U6 -> U49,,,Criaturas que atacan al jugador. Despues se les cambio el arte (variantes tipo slime),Creatures that attack the player. Their art was changed later (slime-style variants)
16,Construccion basica,Basic construction,done,Edificios,"U4, ampliado U63-69",,,"Mesa de trabajo, cofre, pared, cerca y muchos edificios mas ya se pueden construir en el mundo","Workbench, chest, wall, fence and many more buildings can already be built in the world"
17,Menu de construccion,Building menu,done,Edificios,U63-69,,,Interfaz para elegir y colocar edificios en el mundo,Interface to pick and place buildings in the world
18,Crafteo flexible,Flexible crafting,done,Edificios,U65,,,Cualquier edificio con almacenamiento sirve como estacion de crafteo,Any building with storage works as a crafting station
19,Arte direccional de edificios,Directional building art,improved,Edificios,U52 -> U53-62,,,Los edificios con arte real se ven distinto segun el lado desde el que los mires. Pulido varias veces despues,Buildings with real art look different depending on which side you're viewing them from. Polished several times since
20,Equipamiento,Equipment,improved,Combate,U17 -> U78,,,Se puede equipar un arma y items con daño y defensa. Mejorado despues para ser data-driven,You can equip a weapon and items with damage and defense. Later improved to be data-driven
21,Inventario y equipo (interfaz),Inventory and equipment (UI),done,Personaje,"U8, U17, U18",,,"Ventanas de inventario y equipo con arrastrar y soltar, tooltips y atajos","Inventory and equipment windows with drag and drop, tooltips and shortcuts"
22,Personaje portatil,Portable character,done,Personaje,"U8, U17",,,"El inventario, la barra rapida y el equipo viajan con el personaje entre partidas","Inventory, hotbar and equipment travel with the character between play sessions"
23,Multilenguaje (ES/EN),Multi-language (ES/EN),done,Interfaz,U5,,,Todos los textos del juego existen en español e ingles,All game text exists in Spanish and English
24,Pantalla de configuracion,Settings screen,done,Interfaz,U12,,,"Idioma, audio y reasignar teclas desde una pantalla de settings","Language, audio and key rebinding from a settings screen"
25,Vida y estamina,Health and stamina,done,Combate,"U12, U34",,,"Barras de vida y estamina que se gastan al pelear, correr o esquivar","Health and stamina bars that drain when fighting, running or dodging"
26,"Correr, agacharse y atacar","Run, crouch and attack",done,Combate,"U34, U36",,,"Movimientos de sprint, sigilo y ataque, con sus animaciones","Sprint, sneak and attack moves, with their animations"
27,"Ciclo de dia, año y horario","Day, year and time-of-day cycle",done,Mundo,"U31, U31.1, U32",,,"Reloj de 24 horas con fases del dia, contador de dias y de años, configurable por mundo","24-hour clock with day phases, a day counter and a year counter, configurable per world"
28,Cuevas explorables,Explorable caves,done,Exploracion,U20,,,"Existen instancias separadas del mundo principal, como cuevas, para explorar, generadas al azar","Separate instances from the main world, like caves, to explore, randomly generated"
29,Guardado de partida,Save games,done,Persistencia,U7,,,El progreso de personajes y mundos se guarda y se puede retomar despues,Character and world progress is saved and can be resumed later
30,Sistema de chunks (mapas grandes),Chunk system (large maps),done,Mundo,U80-85,,,"El mapa se genera, activa y guarda por partes en vez de todo junto, para poder tener mundos mucho mas grandes sin perder velocidad. Incluye mejoras en como se guardan los objetos del mundo","The map is generated, activated and saved in pieces instead of all at once, to allow much bigger worlds without losing speed. Includes improvements to how world objects are saved"
31,"Arte real en personaje, edificios y mundo","Real art for character, buildings and world",done,Arte,"U38, U50, U52-62",,,"Reemplazo del arte de prueba por arte real: personaje, texturas de biomas, edificios direccionales e iconos","Placeholder art replaced with real art: character, biome textures, directional buildings and icons"
32,Tema visual claro y oscuro,Light and dark visual theme,done,Interfaz,U44,,,La interfaz se puede ver en modo claro u oscuro segun preferencia,"The interface can be viewed in light or dark mode, whichever you prefer"
33,Diferenciar funcionalidad Survival vs Creativo,Differentiate Survival vs Creative functionality,backlog,Interfaz,,3,,"El modo se elige y se aplica, pero todavia faltan diferencias reales de juego (ej: creativo sin gastar recursos ni tiempo)","The mode is picked and applied, but there are still no real gameplay differences (e.g. Creative not costing resources or time)"
34,Primer jefe,First boss,backlog,Combate,,5,,Un enemigo grande de fin de zona con su propia pelea,A big end-of-zone enemy with its own fight
35,Mas enemigos,More enemies,backlog,Combate,,3,,Nuevos tipos de criaturas ademas de los basicos actuales,New creature types beyond the current basic ones
36,Clases de combate,Combat classes,backlog,Combate,,5,,Distintos estilos para pelear segun como quieras jugar,Different fighting styles depending on how you want to play
37,Drops por tipo de enemigo y cofre,Drops by enemy type and chest tier,backlog,Combate,,4,,Cada enemigo y cofre va a tener su propia tabla de recompensas. Bloqueado hasta tener sistema de tipos de mob y tiers de cofre,Every enemy and chest will have its own reward table. Blocked until there's a mob-type and chest-tier system
38,Armaduras adicionales,Additional armor,backlog,Combate,,2,,Mas piezas de equipo para defenderse ademas de las actuales,"More equipment pieces to defend yourself, beyond the current ones"
39,Comida y pociones,Food and potions,backlog,Recursos,,3,,Consumibles para curarse o darte ventajas temporales,Consumables to heal or give you temporary boosts
40,Mas recetas de crafteo,More crafting recipes,backlog,Edificios,,2,,Ampliar lo que se puede fabricar en las estaciones existentes,Expand what can be made at the existing stations
41,Mejoras de edificios,Building upgrades,backlog,Edificios,,3,,Poder subir de nivel los edificios ya construidos,Being able to level up buildings you've already built
42,Destruir edificios,Destroy buildings,backlog,Edificios,,3,,Poder demoler lo construido y recuperar parte del material,Being able to demolish what you've built and recover part of the material
514,Sistema de monedas,Currency system,done,Economia,U108,,,"La moneda del juego se llama Tal (el sistema completo es ""the Tally"", la cuenta que lleva un comerciante). No es un item mas: es un numero separado en el personaje, asi nunca se queda ""sin espacio"" para cobrar una recompensa","The game's currency is called Tal (the full system is ""the Tally"", the running tab a merchant keeps). It's not just another item: it's a separate number on the character, so you never run out of ""space"" to collect a reward"
44,Cosmeticos,Cosmetics,backlog,Personaje,,3,,Apariencias para personalizar tu personaje sin afectar el juego,Appearances to customize your character without affecting gameplay
45,Profesiones,Professions,backlog,Personaje,,3,,Especializaciones que le dan un rol distinto a cada jugador,Specializations that give each player a different role
46,Razas jugables,Playable races,backlog,Personaje,,5,,Elegir entre distintas razas al crear el personaje,Choosing between different races when creating your character
47,Niveles y arbol de habilidades,Levels and skill tree,backlog,Personaje,,5,,Progresion de estadisticas y habilidades a medida que jugas,Stat and ability progression as you play
48,Segundo bioma tematico,Second themed biome,backlog,Mundo,,4,,Una nueva ambientacion completa ademas de la actual,A whole new setting in addition to the current one
49,Colonia de NPCs,NPC colony,backlog,Contenido,,5,,Personajes no jugables que se pueden sumar a tu base,Non-playable characters that can join your base
510,Sistema de misiones,Quest system,done,Contenido,U105-106,,,"Misiones data-driven con una primera cadena de 5. Ventana de log (J), tracker en pantalla, y objetivos que se detectan solos (identificar algo, tener algo) sin tocar codigo en cada lugar donde podria pasar","Data-driven quests with a first chain of 5. Log window (J), on-screen tracker, and objectives that detect themselves (identify something, own something) without touching code at every place it could happen"
501,Optimizaciones en el codigo,Code optimizations,done,Tecnico,U86-91,,,"Se separaron archivos gigantes (World.cs, Main.cs, EntityView.cs) en partes mas chicas organizadas por dominio, y se reagruparon carpetas de comandos y UI por feature, sin cambiar el comportamiento del juego","Huge files (World.cs, Main.cs, EntityView.cs) were split into smaller pieces organized by domain, and command/UI folders were regrouped by feature, with no change in game behavior"
502,Tests con output mientras corren,Tests with live output,done,Tecnico,U92,,,"test.bat en la raiz del repo corre los tests mostrando el resultado de cada uno en vivo, en vez de solo un resumen al final","test.bat at the repo root runs the tests showing each result live, instead of just a summary at the end"
505,Fix: plantar semilla no funciona,Fix: seed planting doesn't work,done,Recursos,U94,,,"Investigado en Update 94: no era un bug de codigo, el plantado funciona bien (probado headless). Lo que faltaba era feedback visual claro al presionar E, por eso parecia roto","Investigated in Update 94: it wasn't a code bug, planting works fine (tested headless). What was missing was clear visual feedback when pressing E, which is why it looked broken"
503,Pantalla de carga al crear el mundo,Loading screen when creating a world,done,Interfaz,U93,,,Se muestra una pantalla de carga con progreso real mientras se genera un mundo nuevo,Shows a loading screen with real progress while a new world is generated
504,Pantalla de carga al entrar al mundo,Loading screen when entering a world,done,Interfaz,U93,,,Se muestra una pantalla de carga con progreso real al entrar a un mundo ya existente,Shows a loading screen with real progress when entering an existing world
56,Arbustos cosechables de un golpe,One-hit harvestable bushes,backlog,Combate,,1,,"Bloqueado: necesita un objeto real de tipo arbusto (G) primero, todavia no existe ninguno","Blocked: needs a real bush-type (G) object first, none exist yet"
57,Colision al crecer un arbol,Collision when a tree grows,backlog,Recursos,,1,,"Bloqueado: al crecer, un arbol no chequea si el lugar de al lado sigue libre. Solo importa si se agrega una fase intermedia tipo brote","Blocked: when growing, a tree doesn't check whether the adjacent tile is still free. Only matters if an intermediate ""sapling"" phase gets added"
508,Stats de personaje,Character stats,done,Personaje,U95-101,,,"Atributos, stats derivados y ficha de personaje (U95). Ya afecta el juego de verdad: vida maxima, estamina, velocidad y daño cuerpo a cuerpo (U101). El resto de los stats derivados siguen solo visuales hasta que exista el sistema que los use","Attributes, derived stats and a character sheet (U95). Already affects the actual game: max health, stamina, speed and melee damage (U101). The rest of the derived stats stay visual-only until a system exists to use them"
59,Mas variedad de items,More item variety,backlog,Recursos,,2,,Sumar mas items en general al juego,Adding more items to the game in general
509,Sistema de aprender recetas,Recipe discovery system,done,Edificios,U103,,,"No es ""encontrar una receta como item"": una receta se desbloquea sola apenas identificaste todos los materiales que necesita. Si ya sabias que era una roca antes de que esto existiera, esa receta ya te aparece medio desbloqueada","It's not ""finding a recipe as an item"": a recipe unlocks itself as soon as you've identified all the materials it needs. If you already knew what a rock was before this existed, that recipe shows up already half-unlocked for you"
61,Mejoras a las instancias de exploracion,Improvements to exploration instances,backlog,Exploracion,,3,,"Mejor generacion y mas variedad para las cuevas y otros sub-niveles. Idea: niveles ramificados donde elegir un camino cierra los demas, pero otro mundo con el mismo seed puede abrir un camino distinto. Comparar tambien contra el modelo de ubicaciones de mazmorra persistidas (con sus propias salas y zonas de transicion) cuando se retome el tamaño de las instancias de exploracion","Better generation and more variety for caves and other sub-levels. Idea: branching levels where picking one path closes the others, but another world with the same seed could open a different path. Also compare against the persisted-dungeon-location model (with its own rooms and transition zones) when exploration-instance sizing gets revisited"
62,POIs (puntos de interes),POIs (points of interest),backlog,Mundo,,3,,"Lugares especiales repartidos por el mundo generado, mas alla de recursos comunes","Special locations scattered across the generated world, beyond common resources"
63,Contenido artesanal insertado a mano,Hand-placed content,backlog,Mundo,,3,,"Zonas o estructuras diseñadas a mano que aparecen en el mundo generado, estilo Romestead","Hand-designed zones or structures that appear in the generated world, Romestead-style"
64,Audio y musica,Audio and music,backlog,Audio,,3,,"Musica, efectos de sonido y sensacion general de juego (todavia no se empezo)","Music, sound effects and overall game feel (not started yet)"
65,Naturaleza gana terreno,Nature reclaims terrain,backlog,Mundo,,3,,Zonas sin uso del mundo se van cubriendo de naturaleza con el tiempo,Unused areas of the world slowly get covered by nature over time
66,Eventos de invasion,Invasion events,backlog,Contenido,,4,,Oleadas de enemigos (ej estilo zombies) que atacan cada cierto tiempo,Waves of enemies (e.g. zombie-style) that attack every so often
67,Building interplanetario (portal entre mundos),Interplanetary building (portal between worlds),backlog,Multijugador,,5,,"Un edificio que te deja viajar a otro mapa sin salir por el mapa principal, necesitas el mismo edificio del otro lado para mandar cosas mejores",A building that lets you travel to another map without leaving through the main map; you need the same building on the other side to send better things over
68,Viajes en el tiempo,Time travel,backlog,Contenido,,5,,"Idea suelta, todavia sin definir como encajaria en el juego","Loose idea, not yet defined how it would fit into the game"
69,Universos paralelos,Parallel universes,backlog,Contenido,,5,,"Idea suelta inspirada en Stargate, todavia sin definir","Loose idea inspired by Stargate, not yet defined"
70,Fe y rituales,Faith and rituals,backlog,Contenido,,4,,"Sistema de creencias con rituales, por ejemplo para hacer llover","A belief system with rituals, e.g. to make it rain"
71,Robots recolectores,Gathering robots,backlog,Recursos,,4,,Robots que recolectan recursos de forma automatica,Robots that gather resources automatically
72,Creador de robots/ciudadanos,Robot/citizen creator,backlog,Personaje,,4,,"Fabricar un ciudadano robot con stats al azar, mejores o peores segun la habilidad de quien lo construye","Building a robot citizen with random stats, better or worse depending on the builder's skill"
73,Autos,Vehicles,backlog,Recursos,,3,,Vehiculos para moverse mas rapido por el mundo,Vehicles to move around the world faster
74,Teleports,Teleports,backlog,Mundo,,3,,Puntos de teletransporte dentro del mismo mundo,Teleport points within the same world
506,Fix: chat tapaba otras ventanas,Fix: chat covered other windows,done,Interfaz,U94,,,"El chat se dibujaba siempre encima de inventario, edificios y demas paneles. Ahora solo tiene prioridad cuando el jugador lo tiene realmente abierto, si no queda ultimo","The chat used to always render on top of inventory, buildings and other panels. Now it only takes priority when the player actually has it open; otherwise it stays last"
507,Fix: mundo cargado sin indice de chunk,Fix: a loaded world had no chunk index,done,Tecnico,U99,,,"Un mundo cargado desde un guardado no armaba su indice de chunks, lo que rompia cosas que dependen de el","A world loaded from a save wasn't building its chunk index, which broke things that depend on it"
77,Checklist de smoke test manual,Manual smoke-test checklist,backlog,Tecnico,,2,,"Lista corta de acciones del jugador (talar, minar, craftear, construir, morir, guardar, entrar a una cueva) para correr antes de pushear. Toda feature nueva agrega su verbo a la lista","A short list of player actions (chop, mine, craft, build, die, save, enter a cave) to run before pushing. Every new feature adds its own verb to the list"
78,Versionado independiente de personaje y mundo,Independent character and world versioning,backlog,Persistencia,,4,,"Hoy la compatibilidad de un guardado es todo o nada. La idea: version de personaje y de mundo por separado, con estados Compatible / Hay actualizacion / Incompatible, boton de actualizar si se puede migrar, o poder borrarlo si no","Today save compatibility is all-or-nothing. The idea: separate character and world versions, with Compatible / Update available / Incompatible states, an update button if it can be migrated, or the option to delete it if not"
79,Weight y capacidad de carga,Weight and carry capacity,backlog,Personaje,,3,,Cada item pesa algo y el personaje tiene un limite de carga. Pasarse penaliza (menos velocidad o no poder moverse). Candidato a conectarse con el sistema de stats como un derivado nuevo,Every item has some weight and the character has a carry limit. Going over it penalizes you (less speed or can't move). A candidate to hook into the stats system as a new derived stat
80,No se pueden abrir dos ventanas al mismo tiempo,Only one window open at a time,backlog,Interfaz,,3,,"Regla de diseño: abrir una ventana deberia cerrar cualquier otra ya abierta. Hoy la ficha de personaje ya lo hace, falta llevarlo a todas las ventanas de forma pareja. Ojo: esto va contra la norma del genero (otros juegos del estilo dejan convivir varias ventanas a la vez, ej inventario + equipo + chat abiertos juntos) - vale la pena reevaluar la regla antes de programarla","Design rule: opening a window should close any other one already open. The character sheet already does this today; it's missing from the rest of the windows. Heads up: this goes against the genre norm (other similar games let several windows coexist, e.g. inventory + equipment + chat open together) — worth reconsidering the rule before building it"
81,Reorganizar Core/ en subcarpetas,Reorganize Core/ into subfolders,backlog,Tecnico,,2,,"Mismo criterio que ya se aplico a Data/, pero en Core/ (unos 15 archivos sueltos). No urgente","Same approach already applied to Data/, but for Core/ (about 15 loose files). Not urgent"
82,Guard de estructura de carpetas + revisar tests/,Folder-structure guard + review tests/,backlog,Tecnico,,1,,"Una regla que avise si una carpeta ya organizada (como Data/) vuelve a acumular archivos sueltos. De paso, revisar si tests/ (hoy plano a proposito) conviene agrupar tambien","A rule that warns if an already-organized folder (like Data/) starts piling up loose files again. While at it, review whether tests/ (flat on purpose today) is worth grouping too"
83,Frontera contenido oficial vs datos de usuario (y soporte de mods),Boundary between official content and user data (and mod support),backlog,Tecnico,,4,,"Definir que es contenido del juego (stats, recetas, edificios) vs datos del jugador (personajes, mundos, configuracion), para poder soportar mods como una capa aparte mas adelante","Define what counts as game content (stats, recipes, buildings) vs player data (characters, worlds, settings), to be able to support mods as a separate layer down the line"
84,Optimizar fog del minimapa/mapa,Optimize map/minimap fog,backlog,Tecnico,,2,,El overlay de niebla del mapa y minimapa todavia recorre el mapa completo en cada cambio. Se nota mas cuanto mas grande sea el mundo,The map and minimap fog overlay still scans the whole map on every change. More noticeable the bigger the world
85,Cobertura de tests de UI,UI test coverage,backlog,Tecnico,,3,,"Todavia no hay tests automaticos de la interfaz (arrastrar items, colocar edificios, ventanas). Hoy se cubre con pruebas manuales","There still aren't automated UI tests (dragging items, placing buildings, windows). Covered by manual testing for now"
86,Job de exportacion automatica en CI,Automatic export job in CI,backlog,Tecnico,,2,,"El pipeline no genera todavia un build jugable exportado en cada push, hay que hacerlo a mano desde Godot",The pipeline doesn't yet produce a playable exported build on every push; it has to be done by hand from Godot
87,Validar comandos contra cliente modificado,Validate commands against a modified client,backlog,Tecnico,,3,,"Hoy se valida lo que un jugador manda al entrar, pero no cada comando en vivo contra alguien que mande cosas imposibles. No urgente mientras el multijugador sea solo con amigos","Today what a player sends is validated on entry, but not every live command against someone sending impossible things. Not urgent while multiplayer is only with friends"
88,Sistema de mascotas,Pet system,backlog,Personaje,,4,,"Poder tener una mascota que te acompañe, todavia sin definir mecanicas","Being able to have a pet that follows you around, mechanics not yet defined"
89,Nave/pod de aterrizaje e interacciones,Landing ship/pod and interactions,backlog,Contenido,,4,,"La nave o pod con la que llegas al mundo, y poder interactuar con ella (por ejemplo como punto de referencia o funcionalidad especial)","The ship or pod you arrive at the world in, and being able to interact with it (e.g. as a landmark or with special functionality)"
511,Investigar/identificar items,Research/identify items,done,Recursos,U103,,,"Un personaje empieza sin saber que es cada cosa. Por ejemplo, una piedra se ve como ""Objeto duro"" hasta que la investigas. Una vez identificado, se queda identificado para siempre en ese personaje","A character starts out not knowing what anything is. For example, a rock shows up as ""Hard object"" until you research it. Once identified, it stays identified forever for that character"
512,Tirar y separar stacks de items,Drop and split item stacks,done,Personaje,U104,,,"Se puede arrastrar un item fuera del inventario y soltarlo en el piso (de a uno por gesto, no el stack entero), y separar un stack en dos","You can drag an item out of the inventory and drop it on the ground (one at a time per gesture, not the whole stack), and split a stack into two"
515,Animales: comportamiento y drops,Animals: behavior and drops,done,Combate,U115-117,,,"Cinco especies (zorro, jabali, ciervo, liebre, urogallo) con su propio comportamiento: pastan, se asustan, huyen o cargan segun el animal. Tienen un momento de sobresalto antes de reaccionar, y cada uno tira sus propios materiales al cazarlo (carne, cuero)","Five species (fox, boar, deer, hare, grouse) each with their own behavior: graze, spook, flee or charge depending on the animal. There's a startle moment before they react, and each one drops its own materials when hunted (meat, hide)"
516,Mejoras al servidor hosteado,Improvements to the hosted server,done,Multijugador,U109-114,,,"Varias correcciones reales: el servidor dedicado directamente no arrancaba hacia varias entregas (le faltaban archivos de datos al build), se agrego una herramienta de censo y benchmark del mundo, y se arreglo un bug que hacia que al entrar a un servidor te quedaras ""trabado"" sin poder moverte por unos segundos","Several real fixes: the dedicated server flat out wouldn't start for several updates in a row (the build was missing data files), a world census/benchmark tool was added, and a bug was fixed that left you ""stuck"" unable to move for a few seconds when joining a server"
517,World Event: ataque/defensa de convoy por faccion,World Event: convoy attack/defense by faction,backlog,Contenido,,4,,"Evento donde hay que atacar o defender un convoy, dependiendo de tu faccion","An event where you have to attack or defend a convoy, depending on your faction"
518,Configuraciones de servidor (multiplicadores),Server configs (multipliers),backlog,Multijugador,,3,,"Poder crear un servidor con reglas propias: doble experiencia, mejor % de loot, mas o menos vida, etc","Being able to create a server with its own rules: double experience, better loot %, more or less health, etc"
544,Repensar el modelo de loot,Rethink the loot model,done,Combate,U126,,1,"Resuelto: los afijos generados ahora pueden dar un bonus en porcentaje sobre un stat derivado (no solo un numero fijo en un rango), gracias a AffixEffect.DerivedPercent","Resolved: generated affixes can now grant a percentage bonus on a derived stat (not just a flat number in a range), via AffixEffect.DerivedPercent"
520,Blackboard narrativo (flags por mundo),Narrative blackboard (per-world flags),backlog,Contenido,,4,,"Tres diccionarios en el personaje (booleanos, numeros y textos) para guardar estado de dialogo/lore por mundo, con claves tipo string. De paso resuelve la regla de que las quests solo se pueden agregar al final: si se guardan por id en vez de por posicion, se puede reordenar sin romper nada","Three dictionaries on the character (booleans, numbers and text) to store dialogue/lore state per world, with string-type keys. As a bonus, this solves the rule that quests can only be appended, never reordered: if they're stored by id instead of by position, reordering stops being a problem"
521,Sistema de auras / efectos de estado,Aura / status-effect system,backlog,Combate,,4,,"Buffs y debuffs con duracion, stack y su propio tooltip generado desde el mismo dato que aplica el efecto (nada de descripciones escritas a mano). Candidato natural para el campo curve que ya esta reservado en stats.json, y primer paso real hacia la mitigacion de daño","Buffs and debuffs with duration, stacking, and their own tooltip generated from the same data that applies the effect (no hand-written descriptions). A natural candidate for the curve field already reserved in stats.json, and a real first step toward damage mitigation"
522,Config de balance por mundo,Per-world balance config,backlog,Persistencia,,3,,"Que cada mundo guarde sus propios multiplicadores de balance (velocidad de crecimiento, aparicion de enemigos, etc) congelados en el save. Conecta con la idea de contenido oficial empaquetado + hash validado, resuelto desde otro angulo","Each world storing its own balance multipliers (growth speed, enemy spawn rate, etc) frozen into the save. Connects with the idea of officially packaged content + hash-validated handshake, solved from a different angle"
523,Escritura atomica de guardado (con backup),Atomic save writing (with backup),backlog,Persistencia,,3,,"Hoy un guardado corrupto a mitad de escritura es progreso perdido. La idea: guardar siempre a un archivo par (.back) antes de pisar el principal, para poder recuperarse","Today a save corrupted mid-write means lost progress. The idea: always write to a paired file (.back) before overwriting the main one, so you can recover"
524,Convencion de ids con namespace,Namespaced id convention,backlog,Tecnico,,3,,"Pasar de ids planos (stone_sword) a ids con namespace (weapon:bronze:sword). Migrar es barato ahora; una vez que existan mods, mucho menos",Moving from flat ids (stone_sword) to namespaced ids (weapon:bronze:sword). Cheap to migrate now; much less so once mods exist
525,Marcadores de mapa puestos por el jugador,Player-placed map markers,backlog,Interfaz,,2,,"Poder poner tus propios iconos/notas en el mapa (ej una tumba con un texto), ademas de lo que genera el juego","Being able to put your own icons/notes on the map (e.g. a grave with a note), in addition to what the game generates"
526,"Sistema de ""primeras veces"" (logros/telemetria)","""Firsts"" system (achievements/telemetry)",backlog,Contenido,,2,,"Registrar la primera vez que pasa algo (descubrir un bioma, terminar cierta quest). Base barata para logros mas adelante","Recording the first time something happens (discovering a biome, finishing a certain quest). A cheap base for achievements later"
527,Comprimir los archivos de guardado,Compress save files,backlog,Persistencia,,2,,"Los saves hoy se escriben sin comprimir. A medida que el mundo crece esto va a pesar cada vez mas, conviene comprimirlos","Saves are written uncompressed today. As the world grows this will only get heavier, worth compressing them"
528,Inventarios como objetos con id propio,Inventories as objects with their own id,backlog,Tecnico,,3,,"Que cada inventario (equipo, secundario, etc) sea su propio objeto referenciado por id, guardado aparte, en vez de vivir embebido en el personaje. Incluye la idea de un inventario ""basura"" dedicado","Each inventory (equipment, secondary, etc) being its own object referenced by id, saved separately, instead of living embedded in the character. Includes the idea of a dedicated ""trash"" inventory"
529,Hook de comportamiento para edificios especiales,Behavior hook for special buildings,backlog,Edificios,,3,,El sistema de edificios es 100% data-driven a proposito (agregar uno no pide codigo). En algun momento va a hacer falta un punto de entrada para comportamiento especial en algunos edificios puntuales - conviene decidir por donde entra antes de que el contenido lo obligue,The building system is deliberately 100% data-driven (adding one needs no code). At some point a hook will be needed for special behavior on specific buildings — worth deciding where it plugs in before content forces a bad answer
530,Sub-biomas (variantes de bioma),Sub-biomes (biome variants),backlog,Mundo,,4,,"Variantes de un mismo bioma (ej bosque y bosque profundo, volcanico y volcanico con grietas) en vez de solo sumar biomas nuevos. Las regiones de bioma quedaron grandes con el update 118 (hasta ~836 celdas de lado en Big), esto ayuda a que no se sientan repetitivas. El salto de ruido para esto ya esta reservado en el generador, falta el resto","Variants within the same biome (e.g. forest and deep forest, volcanic and volcanic-with-cracks) instead of just adding new biomes. Biome regions got large with update 118 (up to ~836 cells across on Big), this helps them not feel repetitive. The noise layer for this is already reserved in the generator, the rest is still missing"
531,Evaluar si el tamaño de chunk (16) sigue siendo el correcto,Evaluate whether chunk size (16) is still right,backlog,Tecnico,,2,,"Con mapas mucho mas grandes, un chunk mas grande (32) significaria muchas menos entradas guardadas por mundo. No cambiar esto sin medir: un chunk mas grande tambien activa mas entidades de una y hace la busqueda espacial mas gruesa. Ya se agrego lo necesario a la herramienta de benchmark para poder medirlo","With much bigger maps, a larger chunk (32) would mean far fewer saved entries per world. Don't change this without measuring: a bigger chunk also activates more entities at once and makes spatial lookup coarser. The benchmark tool already has what's needed to measure this"
532,Comprimir el export de RevealAll,Compress the RevealAll export,backlog,Tecnico,,1,,"La accion de admin que revela todo el mapa exporta bastante JSON sin comprimir por personaje. No es un problema hoy porque es una herramienta de admin, pero conviene comprimirlo antes de que estuviera pensado para jugadores","The admin action that reveals the whole map exports a fair amount of uncompressed JSON per character. Not a problem today since it's an admin tool, but worth compressing before it's ever meant for players"
533,Estado de tutorial como diccionario global,Tutorial state as a global dictionary,backlog,Interfaz,,2,,"Guardar el progreso del tutorial (que pasos ya se vieron) a nivel de perfil, no por personaje ni por mundo","Store tutorial progress (which steps have been seen) at the profile level, not per character or per world"
534,Medir el costo de generar chunks dentro del tick,Measure the cost of generating chunks inside the tick,backlog,Tecnico,,2,,"Generar un chunk nuevo pasa dentro del tick de la simulacion. En promedio es barato, pero hubo picos mucho mas altos que el promedio al caminar hacia territorio nuevo. Vale la pena una corrida de benchmark que mida la distribucion, no solo el promedio, para confirmar si esto explica las trabadas cortas que se vieron en video","Generating a new chunk happens inside the simulation tick. On average it's cheap, but there were spikes well above average when walking into new territory. Worth a benchmark run that measures the distribution, not just the average, to confirm whether this explains the short stutters seen on video"
535,Comando 'net' en el servidor dedicado,'net' command on the dedicated server,backlog,Multijugador,,1,,"El servidor dedicado no tiene un comando net; el tamaño de batch y el jitter del tick estan en 'status', que no es donde alguien buscaria esa info. Agregar el alias o al menos mencionarlo en la salida de perf","The dedicated server has no net command; batch size and tick jitter live under 'status', which isn't where someone would look for that info. Add the alias, or at least mention it in the perf output"
536,Afinar el suavizado de camara al frenar,Smooth out camera easing when stopping,backlog,Tecnico,,2,,"Ya no hay bamboleo caminando, pero al frenar todavia se nota un pequeño deslizamiento (2-3 px). La regla a mantener: 'adelante' se define contra la intencion real del jugador, nunca por el signo de Predicho menos Mostrado, o un cambio de direccion legitimo frena solo","There's no more walking wobble, but stopping still shows a small slide (2-3px). The rule to keep: ""forward"" is defined against the player's actual intent, never by the sign of Predicted minus Displayed, or a legitimate direction change alone will brake"
537,Mapas mucho mas grandes (4 tamaños),Much bigger maps (4 sizes),improved,Mundo,U118 -> U118.1,,,"Cuatro tamaños en vez de tres, y 12-16x mas grandes: Tiny 1024, Small 2048, Medium 4096 (el default), Big 6144 celdas. Calibrado contra un save real de otro juego del mismo genero que Pablo consiguio. Los mundos viejos hay que borrarlos, no son compatibles. Un hotfix aparte arreglo que el mapa se congelaba al entrar en Medium para arriba","Four sizes instead of three, and 12-16x bigger: Tiny 1024, Small 2048, Medium 4096 (the default), Big 6144 cells. Calibrated against a real save file from another game in the same genre that Pablo got hold of. Old worlds have to be deleted, they're not compatible. A separate hotfix fixed the map freezing when entering Medium and up"
538,Fix: el personaje del invitado se movia con tirones,Fix: the guest character moved with a stutter,done,Multijugador,U119,,,"En multijugador, tu propio personaje si sos invitado (no el host) se veia con un movimiento irregular en vez de fluido. Los demas casos (host viendote a vos, vos viendo al host) ya andaban bien","In multiplayer, your own character if you're the guest (not the host) showed up with jerky movement instead of smooth. The other cases (host seeing you, you seeing the host) already worked fine"
539,Un solo criterio para los 3 frentes,One criterion across all three fronts,done,Tecnico,U120,,1,"Single player, host desde el juego y servidor dedicado ya compartian la misma simulacion, pero cada uno armaba su propia lista de argumentos por separado. Se unifico para que los tres arranquen igual","Single player, in-game host and dedicated server already shared the same simulation, but each one built its own argument list separately. Unified so all three start the same way"
540,Catalogo completo (F1),Full Catalog (F1),done,Interfaz,U121-121.1,,1,"Pantalla que lista todo lo que el juego declara, en 5 pestañas, a un click de aparecer en tu mochila. Reemplaza al viejo comando de debug que solo daba un palo. Hoy es herramienta de desarrollo, pero esta pensada desde el nombre para ser la semilla del modo creativo mas adelante","Screen listing everything the game declares, in 5 tabs, one click away from landing in your bag. Replaces the old debug command that could only give you a stick. It's a dev tool today, but named from the start to be the seed of creative mode later"
541,Defensa de armadura funcional,Armor defense that actually works,done,Combate,U123,,1,"El campo Defense de equipamiento existia desde Update 78 pero nadie lo leia. Ahora una pieza puesta realmente ablanda los golpes que recibis, con una curva (no resta plana) - el primer stat con curva del juego","The equipment Defense field existed since Update 78 but nothing read it. Now a worn piece actually softens incoming hits, using a curve (not flat subtraction) - the game's first curved stat"
542,Items generados con rolls (loot procedural),Generated items with rolls (procedural loot),improved,Combate,U124-126 -> U127-131,,1,"Un slot de inventario dejo de ser solo id+cantidad: ahora puede tener un roll propio (afijos, nivel, durabilidad), con tooltip que lo muestra. 29 familias con la tabla de afijos completa, incluyendo bonos en porcentaje sobre un stat derivado. Costo real de meter esto: varios bugs en cadena (fantasma de arrastre invisible, cuadrados violetas al perder el roll al entrar al mundo o al tirarlo al piso, el inventario de un edificio no respetaba los mismos handlers que la mochila), todos encontrados jugando y ya resueltos","An inventory slot stopped being just id+count: it can now carry its own roll (affixes, level, durability), with a tooltip that shows it. 29 families with the full affix table, including percentage bonuses on a derived stat. Real cost of shipping this: a chain of bugs (invisible drag ghost, purple squares when a roll got lost on world entry or when dropped on the floor, a building's inventory not sharing the same handlers as the bag), all found by playing and already fixed"
543,Economia de gear (crafteo y desarme),Gear economy (crafting and dismantling),done,Combate,U129,,1,"Un molde es una forma, no una receta: aprenderlo es por (familia, nivel), y craftear siempre produce un roll fresco al azar. Dos piezas del mismo molde son piezas distintas. Se suma desarmar equipo para recuperar algo","A mould is a shape, not a recipe: learning one is per (family, level), and crafting always produces a fresh random roll. Two pieces from the same mould are still different pieces. Dismantling gear to recover something is part of the loop"
545,Nivel de item: fuente y curva de magnitud,Item level: source and magnitude curve,backlog,Combate,,3,,"Hoy el nivel de un item generado se elige a mano en el catalogo de debug (F1), no depende de nada del mundo. El plan real es que dependa de bioma, tier, edad del mundo o profundidad de mazmorra. Ademas la curva actual multiplica todo x nivel, lo cual funciona a nivel 2 pero se rompe a nivel 5 - hay que pasar a una curva mas suave antes de que el rango de niveles crezca","Today a generated item's level is picked by hand from the debug catalog (F1), it doesn't depend on anything in the world. The real plan is for it to depend on biome, tier, world age or dungeon depth. Also the current curve multiplies everything by level, which works at level 2 but breaks at level 5 - needs a gentler curve before the level range actually widens"
546,Reparar equipo no cuesta nada,Repairing gear costs nothing,backlog,Combate,,2,,"Reparar una pieza generada en la mesa de trabajo es gratis e instantaneo, asi que la durabilidad hoy es una interrupcion, no una decision real. Falta un costo en materiales o tiempo","Repairing a generated piece at the workbench is free and instant, so durability today is an interruption, not a real decision. Needs a material or time cost"
547,Durabilidad de herramientas sin uso real,Tool durability has no real consumer,backlog,Combate,,2,,"Minar y talar no leen el item puesto en el slot de herramienta - son un conteo de golpes, no una accion cronometrada - asi que la durabilidad de una herramienta hoy se gastaria contra nada","Mining and woodcutting don't read the item in the tool slot at all - they're a hit count, not a timed action - so a tool's durability would currently drain against nothing"
548,Afijos generados sin sistema todavia,Generated affixes with no system behind them yet,backlog,Combate,,4,,"El generador ya puede tirar bonos que el juego todavia no puede cumplir: XP/maestria (no existe sistema de XP), chance de critico (no existe sistema de critico), velocidad de crafteo/investigacion (hoy son instantaneos), velocidad de mineria/tala (es por golpes, no por tiempo), ganancia de Tal (no hay en que gastarlo), daño a distancia/magico (el combate hoy es solo cuerpo a cuerpo). Quedan guardados en el dato, con el efecto pendiente en vez de borrados","The generator can already roll bonuses the game can't honour yet: XP/mastery (no XP system exists), crit chance (no crit system), craft/research speed (both are instant today), mining/woodcutting speed (hit-count based, not timed), Tal gain (nothing to spend it on), ranged/magic damage (combat is melee only today). They stay in the data with the effect deferred rather than removed"
549,Politica de version para items generados,Version policy for generated items,backlog,Tecnico,,2,,"Los items generados van a llevar la version del generador que los creo. El dia que la tabla de afijos cambie, hay que decidir: mantener todos los generadores viejos para siempre, o descartar items de version desconocida al cargar. Hoy se descartan (mientras los saves son descartables); decidir en serio cuando el formato se estabilice","Generated items will carry the generator version that produced them. The day the affix table changes, there's a decision to make: keep every old generator forever, or discard items of an unknown version on load. Discarding is today's placeholder (while saves are still disposable); decide properly once the format stabilizes"
550,Edificio para re-rollear un stat de un item,A building that rerolls one stat on an item,backlog,Combate,,3,,"Idea suelta: una estacion que te deje re-tirar un solo afijo de una pieza generada, en vez de quedarte pegado con el roll original para siempre","Loose idea: a station that lets you reroll a single affix on a generated piece, instead of being stuck with the original roll forever"
551,Sistema de sockets / gemas,Socket / gem system,backlog,Combate,,4,,"El set de iconos ya tiene 8 familias de color de gemas y un set de runas, que es el arte de un sistema de sockets que todavia no existe. El generador de items deberia dejar lugar para esto en vez de que haya que meterlo a la fuerza despues","The icon set already has 8 gem color families and a set of runes, which is the art for a socket system that doesn't exist yet. The item generator should leave room for this rather than have it retrofitted later"
